<?xml version="1.0" encoding="UTF-8"?>
<beans xmlns="http://www.springframework.org/schema/beans"
	xmlns:p="http://www.springframework.org/schema/p" xmlns:context="http://www.springframework.org/schema/context"
	xmlns:mvc="http://www.springframework.org/schema/mvc" xmlns:xsi="http://www.w3.org/2001/XMLSchema-instance"
	xmlns:aop="http://www.springframework.org/schema/aop" xmlns:tx="http://www.springframework.org/schema/tx"
	xmlns:cache="http://www.springframework.org/schema/cache" xmlns:security="http://www.springframework.org/schema/security"
	xsi:schemaLocation="
    http://www.springframework.org/schema/beans     
    http://www.springframework.org/schema/beans/spring-beans-3.2.xsd
    http://www.springframework.org/schema/context 
    http://www.springframework.org/schema/context/spring-context-3.2.xsd
    http://www.springframework.org/schema/mvc
    http://www.springframework.org/schema/mvc/spring-mvc-3.2.xsd
    http://www.springframework.org/schema/aop 
  	http://www.springframework.org/schema/aop/spring-aop-3.2.xsd
  	http://www.springframework.org/schema/tx
	http://www.springframework.org/schema/tx/spring-tx-3.2.xsd
	http://www.springframework.org/schema/security
	http://www.springframework.org/schema/security/spring-security-3.2.xsd
	http://www.springframework.org/schema/cache 
   	http://www.springframework.org/schema/cache/spring-cache.xsd">

	<context:component-scan base-package="com.docstore.*" />
	<import resource="classpath:applicationContext-persistence.xml"/>

	
	<context:annotation-config />
	<context:property-placeholder location="file:///${docstore.config.file}" ignore-unresolvable="true" />
	<mvc:annotation-driven />
	
	<!-- <context:spring-configured /> -->
	<!-- <context:load-time-weaver aspectj-weaving="autodetect"/>	 -->
	<!-- <aop:aspectj-autoproxy>
              <aop:include name="dbRouterAspect"/>
              <aop:include name="loggingAspect"/>
    </aop:aspectj-autoproxy> -->
	<bean
		class="org.springframework.web.servlet.view.InternalResourceViewResolver"
		p:order="2">
		<property name="prefix" value="/jsp/" />
		<property name="suffix" value=".jsp" />
	</bean>
	
	<mvc:resources mapping="/assets/**" location="/assets/"
	cache-period="31556926"/>
	
	<bean id="multipartResolver" class="org.springframework.web.multipart.commons.CommonsMultipartResolver">
	</bean>
	<!-- <mvc:interceptors>
			<mvc:interceptor>
				<mvc:mapping path="/**"/>
				<bean class="com.cognizant.opserv.sp.rest.util.TenenatHandlerInceptor" />
			</mvc:interceptor>
		</mvc:interceptors> -->
	<!-- 
	 Cache manager
  	<cache:annotation-driven  cache-manager="opservSPCacheManager"/> 
  	
  	 Cache Manager
	<bean id="opservSPCacheManager" class="org.springframework.cache.ehcache.EhCacheCacheManager">
			<property name="cacheManager" ref="opservSPEhcache" />
	</bean>
	<bean id="opservSPEhcache" class="org.springframework.cache.ehcache.EhCacheManagerFactoryBean">
			<property name="configLocation" value="classpath:ehcache.xml" />
			<property name="shared" value="true" />
			<property name="cacheManagerName" value="opserv-sp_module" /> 
	</bean> -->
</beans>
