<?xml version="1.0" encoding="UTF-8"?>
<beans:beans xmlns="http://www.springframework.org/schema/security"
 xmlns:beans="http://www.springframework.org/schema/beans" xmlns:xsi="http://www.w3.org/2001/XMLSchema-instance"
 xsi:schemaLocation="http://www.springframework.org/schema/beans
 http://www.springframework.org/schema/beans/spring-beans-3.0.xsd
 http://www.springframework.org/schema/security
 http://www.springframework.org/schema/security/spring-security-3.2.xsd">

  <http auto-config="true" use-expressions="true">
  <access-denied-handler error-page="/auth/403page" />
  <intercept-url pattern="/auth/login.do" access="isAnonymous()" />
  <intercept-url pattern="/**" access="isAuthenticated()" />
  <form-login login-page='/auth/login.do' username-parameter="userId"
   password-parameter="password" default-target-url="/list"
   authentication-failure-url="/auth/login.do?authfailed" />
  <logout logout-success-url="/auth/login.do?logout" />
 </http>

 <!-- <authentication-manager> <authentication-provider> <user-service> <user 
  name="user" password="user@123" authorities="ROLE_ADMIN" /> </user-service> 
  </authentication-provider> </authentication-manager> -->

 <authentication-manager>
  <authentication-provider>
   <jdbc-user-service data-source-ref="dataSource"
    users-by-username-query="select usr_id,password from t_usr where usr_id=?"/>
  </authentication-provider>
 </authentication-manager>


<!-- 
	<import resource="classpath*:um-client-context.xml" />
	<bean id="processUser"
		class="com.cognizant.opserv.core.portal.authentication.controller.SSOLoginAuthenticationSuccessHandler" />
	<bean id="tenantInterceptor" class="com.cognizant.opserv.tenant.filter.TenantInterceptor" />

	<security:global-method-security
		secured-annotations="enabled" pre-post-annotations="enabled" /> -->



	<!-- <security:http use-expressions="true" entry-point-ref="opServEntryPoint"
		create-session="stateless" pattern="/intra/rs/**">
		<security:intercept-url pattern="/intra/rs/**"
			access="permitAll" />
		<security:custom-filter before="FIRST"
			ref="tenantInterceptor" />

		<security:headers>
			<security:hsts />
			<security:xss-protection />
		</security:headers>

	</security:http> -->


	<!-- <security:http use-expressions="true" entry-point-ref="opServEntryPoint"
		create-session="never" pattern="/nosso/**">
		<security:intercept-url pattern="/nosso/**"
			access="permitAll" />
		<security:custom-filter before="FIRST"
			ref="tenantInterceptor" />
	</security:http> -->



	 <!-- <security:http use-expressions="true"  entry-point-ref="opServEntryPoint"  pattern="/ajax/dataLoad/saveFilesToServer.do">
				<security:intercept-url pattern="/ajax/dataLoad/saveFilesToServer.do" access="permitAll" />
		        <security:custom-filter before="FIRST"   ref="tenantInterceptor" />
		        
				<security:headers>
					<security:hsts/>
				    <security:xss-protection/>	
				</security:headers>
				Disable CSRF for multipart upload
	 			<security:csrf/>			        
	 </security:http> -->

	<!-- <security:http use-expressions="true" entry-point-ref="opServEntryPoint">
		<security:intercept-url pattern="/**"
			access="isAuthenticated()" />
		<security:custom-filter ref="singleLogoutFilter"
			before="LOGOUT_FILTER" />
		<security:custom-filter position="FORM_LOGIN_FILTER"
			ref="opServCasFilter" />
		<security:custom-filter before="FIRST"
			ref="tenantInterceptor" />

		<security:headers>
			<security:hsts />
			<security:xss-protection />
		</security:headers>

		<security:csrf />

	</security:http> -->

</beans:beans>
