<?xml version="1.0" encoding="UTF-8"?>
<beans xmlns="http://www.springframework.org/schema/beans"
	xmlns:context="http://www.springframework.org/schema/context"
	xmlns:xsi="http://www.w3.org/2001/XMLSchema-instance" xmlns:mvc="http://www.springframework.org/schema/mvc"
	xsi:schemaLocation="
   http://www.springframework.org/schema/beans     
   http://www.springframework.org/schema/beans/spring-beans-3.0.xsd
   http://www.springframework.org/schema/context 
   http://www.springframework.org/schema/context/spring-context-3.0.xsd
   http://www.springframework.org/schema/mvc
   http://www.springframework.org/schema/mvc/spring-mvc-3.0.xsd">

	<context:component-scan base-package="com.surveycloud" />
	<context:annotation-config></context:annotation-config>
	<mvc:annotation-driven />


	<bean
		class="org.springframework.web.servlet.view.InternalResourceViewResolver">
		<property name="prefix" value="/WEB-INF/jsp/" />
		<property name="suffix" value=".jsp" />
	</bean>

	<bean id="messageSource"
		class="org.springframework.context.support.ReloadableResourceBundleMessageSource">
		<property name="basenames">
			<list>
				<value>classpath:messages\label</value>
			</list>
		</property>
	</bean>

	<bean id="localeChangeInterceptor"
		class="org.springframework.web.servlet.i18n.LocaleChangeInterceptor">
		<property name="paramName" value="language" />
	</bean>

	<bean id="localeResolver"
		class="org.springframework.web.servlet.i18n.SessionLocaleResolver">
		<property name="defaultLocale" value="en" />
	</bean>

	<bean
		class="org.springframework.web.servlet.mvc.support.ControllerClassNameHandlerMapping">
		<property name="interceptors">
			<ref bean="localeChangeInterceptor" />
		</property>
	</bean>

</beans>